{"cameraMode":{"drawMode":0,"name":"Shaded","section":"Shading Mode"},"sceneLighting":true,"audioPlay":false,"sceneViewState":{"m_AlwaysRefresh":true,"showFog":true,"showSkybox":true,"showFlares":true,"showImageEffects":true,"showParticleSystems":true,"showVisualEffectGraphs":true,"m_FxEnabled":true},"in2DMode":false,"pivot":{"x":0.6052131652832031,"y":5.148633003234863,"z":-2.622241735458374},"rotation":{"x":-0.019585514441132547,"y":0.5622661113739014,"z":0.013324248604476452,"w":0.8266239762306213},"size":9.628482818603516,"orthographic":false}